date,film,run,frame,sheetname,sheetnum,scale,camera,filmscan,image_name,raw_image,licence,status,download_url
19/08/1963 0:00,1189,R6M,5058,BURRAGORANG,8929,1:37500,RC5A,IRS,1189_6M_058,1189_6M_058,CC-by,a,https://portal.spatial.nsw.gov.au/download/historic/1189/1189_6M_058.jp2.jpeg
19/08/1963 0:00,1189,R6M,5059,BURRAGORANG,8929,1:37500,RC5A,IRS,1189_6M_059,1189_6M_059,CC-by,a,https://portal.spatial.nsw.gov.au/download/historic/1189/1189_6M_059.jp2.jpeg
19/08/1963 0:00,1189,R1M,5089,MOSS VALE,8928,1:38000,RC5A,IRS,1189_1M_089,1189_1M_089,CC-by,a,https://portal.spatial.nsw.gov.au/download/historic/1189/1189_1M_089.jp2.jpeg
19/08/1963 0:00,1189,R1M,5090,MOSS VALE,8928,1:38000,RC5A,IRS,1189_1M_090,1189_1M_090,CC-by,a,https://portal.spatial.nsw.gov.au/download/historic/1189/1189_1M_090.jp2.jpeg
19/08/1963 0:00,1189,R1M,5091,MOSS VALE,8928,1:38000,RC5A,IRS,1189_1M_091,1189_1M_091,CC-by,a,https://portal.spatial.nsw.gov.au/download/historic/1189/1189_1M_091.jp2.jpeg
19/08/1963 0:00,1189,R1M,5092,MOSS VALE,8928,1:38000,RC5A,IRS,1189_1M_092,1189_1M_092,CC-by,a,https://portal.spatial.nsw.gov.au/download/historic/1189/1189_1M_092.jp2.jpeg
8/06/1969 0:00,1621,R1M,5002,MOSS VALE,8928,1:40000,RC10,IRS,1621_1M_002,1621_1M_002,CC-by,a,https://portal.spatial.nsw.gov.au/download/historic/1621/1621_1M_002.jp2.jpeg
8/06/1969 0:00,1621,R1M,5003,MOSS VALE,8928,1:40000,RC10,IRS,1621_1M_003,1621_1M_003,CC-by,a,https://portal.spatial.nsw.gov.au/download/historic/1621/1621_1M_003.jp2.jpeg
8/06/1969 0:00,1621,R1M,5004,MOSS VALE,8928,1:40000,RC10,IRS,1621_1M_004,1621_1M_004,CC-by,a,https://portal.spatial.nsw.gov.au/download/historic/1621/1621_1M_004.jp2.jpeg
8/06/1969 0:00,1621,R1M,5022,MOSS VALE,8928,1:40000,RC10,IRS,1621_1M_022,1621_1M_022,CC-by,a,https://portal.spatial.nsw.gov.au/download/historic/1621/1621_1M_022.jp2.jpeg
8/06/1969 0:00,1621,R1M,5023,MOSS VALE,8928,1:40000,RC10,IRS,1621_1M_023,1621_1M_023,CC-by,a,https://portal.spatial.nsw.gov.au/download/historic/1621/1621_1M_023.jp2.jpeg
8/06/1969 0:00,1621,R1M,5024,MOSS VALE,8928,1:40000,RC10,IRS,1621_1M_024,1621_1M_024,CC-by,a,https://portal.spatial.nsw.gov.au/download/historic/1621/1621_1M_024.jp2.jpeg
8/06/1969 0:00,1621,R1M,5025,MOSS VALE,8928,1:40000,RC10,IRS,1621_1M_025,1621_1M_025,CC-by,a,https://portal.spatial.nsw.gov.au/download/historic/1621/1621_1M_025.jp2.jpeg
8/06/1969 0:00,1621,R1M,5026,MOSS VALE,8928,1:40000,RC10,IRS,1621_1M_026,1621_1M_026,CC-by,a,https://portal.spatial.nsw.gov.au/download/historic/1621/1621_1M_026.jp2.jpeg
8/06/1969 0:00,1621,R1M,5027,MOSS VALE,8928,1:40000,RC10,IRS,1621_1M_027,1621_1M_027,CC-by,a,https://portal.spatial.nsw.gov.au/download/historic/1621/1621_1M_027.jp2.jpeg
8/06/1969 0:00,1621,R1M,5028,MOSS VALE,8928,1:40000,RC10,IRS,1621_1M_028,1621_1M_028,CC-by,a,https://portal.spatial.nsw.gov.au/download/historic/1621/1621_1M_028.jp2.jpeg
8/06/1969 0:00,1621,R1M,5029,MOSS VALE,8928,1:40000,RC10,IRS,1621_1M_029,1621_1M_029,CC-by,a,https://portal.spatial.nsw.gov.au/download/historic/1621/1621_1M_029.jp2.jpeg
8/06/1969 0:00,1621,R1M,5030,MOSS VALE,8928,1:40000,RC10,IRS,1621_1M_030,1621_1M_030,CC-by,a,https://portal.spatial.nsw.gov.au/download/historic/1621/1621_1M_030.jp2.jpeg
8/06/1969 0:00,1621,R1M,5031,MOSS VALE,8928,1:40000,RC10,IRS,1621_1M_031,1621_1M_031,CC-by,a,https://portal.spatial.nsw.gov.au/download/historic/1621/1621_1M_031.jp2.jpeg
8/06/1969 0:00,1621,R1M,5032,MOSS VALE,8928,1:40000,RC10,IRS,1621_1M_032,1621_1M_032,CC-by,a,https://portal.spatial.nsw.gov.au/download/historic/1621/1621_1M_032.jp2.jpeg
8/06/1969 0:00,1621,R1M,5033,MOSS VALE,8928,1:40000,RC10,IRS,1621_1M_033,1621_1M_033,CC-by,a,https://portal.spatial.nsw.gov.au/download/historic/1621/1621_1M_033.jp2.jpeg
8/06/1969 0:00,1621,R1M,5034,MOSS VALE,8928,1:40000,RC10,IRS,1621_1M_034,1621_1M_034,CC-by,a,https://portal.spatial.nsw.gov.au/download/historic/1621/1621_1M_034.jp2.jpeg
8/06/1969 0:00,1621,R1M,5035,MOSS VALE,8928,1:40000,RC10,IRS,1621_1M_035,1621_1M_035,CC-by,a,https://portal.spatial.nsw.gov.au/download/historic/1621/1621_1M_035.jp2.jpeg
8/06/1969 0:00,1621,R1M,5036,MOSS VALE,8928,1:40000,RC10,IRS,1621_1M_036,1621_1M_036,CC-by,a,https://portal.spatial.nsw.gov.au/download/historic/1621/1621_1M_036.jp2.jpeg
8/06/1969 0:00,1621,R1M,5037,MOSS VALE,8928,1:40000,RC10,IRS,1621_1M_037,1621_1M_037,CC-by,a,https://portal.spatial.nsw.gov.au/download/historic/1621/1621_1M_037.jp2.jpeg
8/06/1969 0:00,1621,R1M,5038,MOSS VALE,8928,1:40000,RC10,IRS,1621_1M_038,1621_1M_038,CC-by,a,https://portal.spatial.nsw.gov.au/download/historic/1621/1621_1M_038.jp2.jpeg
8/06/1969 0:00,1621,R2M,5073,MOSS VALE,8928,1:40000,RC10,IRS,1621_2M_073,1621_2M_073,CC-by,a,https://portal.spatial.nsw.gov.au/download/historic/1621/1621_2M_073.jp2.jpeg
8/06/1969 0:00,1621,R2M,5074,MOSS VALE,8928,1:40000,RC10,IRS,1621_2M_074,1621_2M_074,CC-by,a,https://portal.spatial.nsw.gov.au/download/historic/1621/1621_2M_074.jp2.jpeg
8/06/1969 0:00,1621,R2M,5075,MOSS VALE,8928,1:40000,RC10,IRS,1621_2M_075,1621_2M_075,CC-by,a,https://portal.spatial.nsw.gov.au/download/historic/1621/1621_2M_075.jp2.jpeg
8/06/1969 0:00,1621,R2M,5076,MOSS VALE,8928,1:40000,RC10,IRS,1621_2M_076,1621_2M_076,CC-by,a,https://portal.spatial.nsw.gov.au/download/historic/1621/1621_2M_076.jp2.jpeg
29/12/1974 0:00,2288,R1M,129,MOSS VALE,8928,1:40000,RC10,IRS,2288_1M_129,2288_1M_129,CC-by,a,https://portal.spatial.nsw.gov.au/download/historic/2288/2288_1M_129.jp2.jpeg
29/12/1974 0:00,2288,R1M,130,MOSS VALE,8928,1:40000,RC10,IRS,2288_1M_130,2288_1M_130,CC-by,a,https://portal.spatial.nsw.gov.au/download/historic/2288/2288_1M_130.jp2.jpeg
8/01/1979 0:00,2729,R1,110,MOSS VALE,8928,1:49300,RC10,IRS,2729_01_110,2729_01_110,CC-by,a,https://portal.spatial.nsw.gov.au/download/historic/2729/2729_01_110.jp2.jpeg
8/01/1979 0:00,2729,R1,111,MOSS VALE,8928,1:49300,RC10,IRS,2729_01_111,2729_01_111,CC-by,a,https://portal.spatial.nsw.gov.au/download/historic/2729/2729_01_111.jp2.jpeg
25/02/1989 0:00,3645,R1,232,MOSS VALE,8928,1:40000,RC10,IRS,3645_01_232,3645_1_232.jp2,cc-by,a,https://portal.spatial.nsw.gov.au/download/historic/3645/3645_01_232.jp2.jpeg
25/02/1989 0:00,3645,R1,233,MOSS VALE,8928,1:40000,RC10,IRS,3645_01_233,3645_1_233.jp2,cc-by,a,https://portal.spatial.nsw.gov.au/download/historic/3645/3645_01_233.jp2.jpeg
23/09/1991 0:00,4042,R2,37,MOSS VALE,8928,1:25000,RC10,IRS,4042_02_037,4042_02_037,CC-by,a,https://portal.spatial.nsw.gov.au/download/historic/4042/4042_02_037.jp2.jpeg
23/09/1991 0:00,4042,R2,38,MOSS VALE,8928,1:25000,RC10,IRS,4042_02_038,4042_02_038,CC-by,a,https://portal.spatial.nsw.gov.au/download/historic/4042/4042_02_038.jp2.jpeg
24/09/1991 0:00,4041,R1,141,MOSS VALE,8928,1:25000,RC10,IRS,4041_01_141,4041_01_141,CC-by,a,https://portal.spatial.nsw.gov.au/download/historic/4041/4041_01_141.jp2.jpeg
24/09/1991 0:00,4041,R1,142,MOSS VALE,8928,1:25000,RC10,IRS,4041_01_142,4041_01_142,CC-by,a,https://portal.spatial.nsw.gov.au/download/historic/4041/4041_01_142.jp2.jpeg
21/01/1997 0:00,4345,R1,146,MOSS VALE,8928,1:50000,RC30,IRS,4345_01_146,4345_01_146,CC-by,a,https://portal.spatial.nsw.gov.au/download/historic/4345/4345_01_146.jp2.jpeg
21/01/1997 0:00,4345,R1,147,MOSS VALE,8928,1:50000,RC30,IRS,4345_01_147,4345_01_147,CC-by,a,https://portal.spatial.nsw.gov.au/download/historic/4345/4345_01_147.jp2.jpeg
21/01/1997 0:00,4345,R1,148,MOSS VALE,8928,1:50000,RC30,IRS,4345_01_148,4345_01_148,CC-by,a,https://portal.spatial.nsw.gov.au/download/historic/4345/4345_01_148.jp2.jpeg
21/01/1997 0:00,4345,R2,170,MOSS VALE,8928,1:50000,RC30,IRS,4345_02_170,4345_02_170,CC-by,a,https://portal.spatial.nsw.gov.au/download/historic/4345/4345_02_170.jp2.jpeg
21/01/1997 0:00,4345,R2,171,MOSS VALE,8928,1:50000,RC30,IRS,4345_02_171,4345_02_171,CC-by,a,https://portal.spatial.nsw.gov.au/download/historic/4345/4345_02_171.jp2.jpeg
21/01/1997 0:00,4345,R2,172,MOSS VALE,8928,1:50000,RC30,IRS,4345_02_172,4345_02_172,CC-by,a,https://portal.spatial.nsw.gov.au/download/historic/4345/4345_02_172.jp2.jpeg
